Workbook

Sheet 01 - Original Data
A2: Client_ID | B2: Age | C2: Annual_Income_k$ | D2: Spending_Score | E2: Label | G2: Paso 1: Datos de entrada antes de la estandarización.
A3: 1 | B3: 56 | C3: 64 | D3: 24 | E3: =IF(D3<33,"Low Value",IF(D3<66,"Standard","Premium")) -> Low Value | G3: Esta hoja muestra los datos originales de los clientes.
A4: 2 | B4: 69 | C4: 84 | D4: 79 | E4: =IF(D4<33,"Low Value",IF(D4<66,"Standard","Premium")) -> Premium | G4: Incluye edad, ingresos anuales en miles y puntaje de gasto.
A5: 3 | B5: 46 | C5: 108 | D5: 59 | E5: =IF(D5<33,"Low Value",IF(D5<66,"Standard","Premium")) -> Standard | G5: Client_ID es un identificador único para cada cliente.
A6: 4 | B6: 32 | C6: 90 | D6: 32 | E6: =IF(D6<33,"Low Value",IF(D6<66,"Standard","Premium")) -> Low Value | G6: Los datos se usarán para calcular la distancia a un cliente nuevo.
A7: 5 | B7: 60 | C7: 28 | D7: 96 | E7: =IF(D7<33,"Low Value",IF(D7<66,"Standard","Premium")) -> Premium
A8: 6 | B8: 25 | C8: 107 | D8: 88 | E8: =IF(D8<33,"Low Value",IF(D8<66,"Standard","Premium")) -> Premium
A9: 7 | B9: 38 | C9: 20 | D9: 52 | E9: =IF(D9<33,"Low Value",IF(D9<66,"Standard","Premium")) -> Standard
A10: 8 | B10: 56 | C10: 27 | D10: 62 | E10: =IF(D10<33,"Low Value",IF(D10<66,"Standard","Premium")) -> Standard
A11: 9 | B11: 36 | C11: 107 | D11: 58 | E11: =IF(D11<33,"Low Value",IF(D11<66,"Standard","Premium")) -> Standard
A12: 10 | B12: 40 | C12: 82 | D12: 52 | E12: =IF(D12<33,"Low Value",IF(D12<66,"Standard","Premium")) -> Standard
A13: 11 | B13: 28 | C13: 30 | D13: 12 | E13: =IF(D13<33,"Low Value",IF(D13<66,"Standard","Premium")) -> Low Value
A14: 12 | B14: 28 | C14: 100 | D14: 39 | E14: =IF(D14<33,"Low Value",IF(D14<66,"Standard","Premium")) -> Standard
A15: 13 | B15: 41 | C15: 27 | D15: 2 | E15: =IF(D15<33,"Low Value",IF(D15<66,"Standard","Premium")) -> Low Value
A16: 14 | B16: 53 | C16: 54 | D16: 3 | E16: =IF(D16<33,"Low Value",IF(D16<66,"Standard","Premium")) -> Low Value
A17: 15 | B17: 57 | C17: 54 | D17: 56 | E17: =IF(D17<33,"Low Value",IF(D17<66,"Standard","Premium")) -> Standard
A18: 16 | B18: 41 | C18: 52 | D18: 81 | E18: =IF(D18<33,"Low Value",IF(D18<66,"Standard","Premium")) -> Premium
... A102: 100 | B102: 32 | C102: 63 | D102: 33 | E102: =IF(D102<33,"Low Value",IF(D102<66,"Standard","Premium")) -> Standard

Sheet 02 - Scaled Data
B2: mean | C2: =AVERAGE('01 - Original Data'!B3:B102) -> 43.35 | D2: =AVERAGE('01 - Original Data'!C3:C102) -> 67.88 | E2: =AVERAGE('01 - Original Data'!D3:D102) -> 48.8
B3: sd | C3: =STDEV('01 - Original Data'!B3:B102) -> 14.904663 | D3: =STDEV('01 - Original Data'!C3:C102) -> 30.04417 | E3: =STDEV('01 - Original Data'!D3:D102) -> 31.101658
C5: Age | D5: Annual_Income_k$ | E5: Spending_Score | G5: Paso 2: Datos de entrada normalizados.
C6: =('01 - Original Data'!B3-'02 - Scaled Data'!$C$2)/'02 - Scaled Data'!$C$3 -> 0.84872766 | D6: =('01 - Original Data'!C3-'02 - Scaled Data'!$D$2)/'02 - Scaled Data'!$D$3 -> -0.12914319 | E6: =('01 - Original Data'!D3-'02 - Scaled Data'!$E$2)/'02 - Scaled Data'!$E$3 -> -0.79738514 | G6: Esta hoja muestra los datos estandarizados de los clientes.
C7: =('01 - Original Data'!B4-'02 - Scaled Data'!$C$2)/'02 - Scaled Data'!$C$3 -> 1.7209379 | D7: =('01 - Original Data'!C4-'02 - Scaled Data'!$D$2)/'02 - Scaled Data'!$D$3 -> 0.53654337 | E7: =('01 - Original Data'!D4-'02 - Scaled Data'!$E$2)/'02 - Scaled Data'!$E$3 -> 0.97100933 | G7: La estandarización asegura el mismo peso para todas las características.
C8: =('01 - Original Data'!B5-'02 - Scaled Data'!$C$2)/'02 - Scaled Data'!$C$3 -> 0.1777967 | D8: =('01 - Original Data'!C5-'02 - Scaled Data'!$D$2)/'02 - Scaled Data'!$D$3 -> 1.3353672 | E8: =('01 - Original Data'!D5-'02 - Scaled Data'!$E$2)/'02 - Scaled Data'!$E$3 -> 0.32795679 | G8: Cada característica se transforma para tener media 0 y desviación estándar 1.
C9: =('01 - Original Data'!B6-'02 - Scaled Data'!$C$2)/'02 - Scaled Data'!$C$3 -> -0.76150663 | D9: =('01 - Original Data'!C6-'02 - Scaled Data'!$D$2)/'02 - Scaled Data'!$D$3 -> 0.73624934 | E9: =('01 - Original Data'!D6-'02 - Scaled Data'!$E$2)/'02 - Scaled Data'!$E$3 -> -0.54016413 | G9: Esto es esencial para cálculos de distancia precisos.
C10: =('01 - Original Data'!B7-'02 - Scaled Data'!$C$2)/'02 - Scaled Data'!$C$3 -> 1.1171 | D10: =('01 - Original Data'!C7-'02 - Scaled Data'!$D$2)/'02 - Scaled Data'!$D$3 -> -1.327379 | E10: =('01 - Original Data'!D7-'02 - Scaled Data'!$E$2)/'02 - Scaled Data'!$E$3 -> 1.517604
C11: =('01 - Original Data'!B8-'02 - Scaled Data'!$C$2)/'02 - Scaled Data'!$C$3 -> -1.2311583 | D11: =('01 - Original Data'!C8-'02 - Scaled Data'!$D$2)/'02 - Scaled Data'!$D$3 -> 1.3020829 | E11: =('01 - Original Data'!D8-'02 - Scaled Data'!$E$2)/'02 - Scaled Data'!$E$3 -> 1.260383 | G11: Original - media
C12: =('01 - Original Data'!B9-'02 - Scaled Data'!$C$2)/'02 - Scaled Data'!$C$3 -> -0.35894806 | D12: =('01 - Original Data'!C9-'02 - Scaled Data'!$D$2)/'02 - Scaled Data'!$D$3 -> -1.5936536 | E12: =('01 - Original Data'!D9-'02 - Scaled Data'!$E$2)/'02 - Scaled Data'!$E$3 -> 0.10288841 | G12: desviación estándar
C13: =('01 - Original Data'!B10-'02 - Scaled Data'!$C$2)/'02 - Scaled Data'!$C$3 -> 0.84872766 | D13: =('01 - Original Data'!C10-'02 - Scaled Data'!$D$2)/'02 - Scaled Data'!$D$3 -> -1.3606633 | E13: =('01 - Original Data'!D10-'02 - Scaled Data'!$E$2)/'02 - Scaled Data'!$E$3 -> 0.42441467
C14: =('01 - Original Data'!B11-'02 - Scaled Data'!$C$2)/'02 - Scaled Data'!$C$3 -> -0.49313425 | D14: =('01 - Original Data'!C11-'02 - Scaled Data'!$D$2)/'02 - Scaled Data'!$D$3 -> 1.3020829 | E14: =('01 - Original Data'!D11-'02 - Scaled Data'!$E$2)/'02 - Scaled Data'!$E$3 -> 0.29580417
C15: =('01 - Original Data'!B12-'02 - Scaled Data'!$C$2)/'02 - Scaled Data'!$C$3 -> -0.22476187 | D15: =('01 - Original Data'!C12-'02 - Scaled Data'!$D$2)/'02 - Scaled Data'!$D$3 -> 0.46997471 | E15: =('01 - Original Data'!D12-'02 - Scaled Data'!$E$2)/'02 - Scaled Data'!$E$3 -> 0.10288841
C16: =('01 - Original Data'!B13-'02 - Scaled Data'!$C$2)/'02 - Scaled Data'!$C$3 -> -1.029879 | D16: =('01 - Original Data'!C13-'02 - Scaled Data'!$D$2)/'02 - Scaled Data'!$D$3 -> -1.2608104 | E16: =('01 - Original Data'!D13-'02 - Scaled Data'!$E$2)/'02 - Scaled Data'!$E$3 -> -1.1832167
C17: =('01 - Original Data'!B14-'02 - Scaled Data'!$C$2)/'02 - Scaled Data'!$C$3 -> -1.029879 | D17: =('01 - Original Data'!C14-'02 - Scaled Data'!$D$2)/'02 - Scaled Data'!$D$3 -> 1.0690926 | E17: =('01 - Original Data'!D14-'02 - Scaled Data'!$E$2)/'02 - Scaled Data'!$E$3 -> -0.31509574
C18: =('01 - Original Data'!B15-'02 - Scaled Data'!$C$2)/'02 - Scaled Data'!$C$3 -> -0.15766877 | D18: =('01 - Original Data'!C15-'02 - Scaled Data'!$D$2)/'02 - Scaled Data'!$D$3 -> -1.3606633 | E18: =('01 - Original Data'!D15-'02 - Scaled Data'!$E$2)/'02 - Scaled Data'!$E$3 -> -1.5047429
C19: =('01 - Original Data'!B16-'02 - Scaled Data'!$C$2)/'02 - Scaled Data'!$C$3 -> 0.64744837 | D19: =('01 - Original Data'!C16-'02 - Scaled Data'!$D$2)/'02 - Scaled Data'!$D$3 -> -0.46198648 | E19: =('01 - Original Data'!D16-'02 - Scaled Data'!$E$2)/'02 - Scaled Data'!$E$3 -> -1.4725903
C20: =('01 - Original Data'!B17-'02 - Scaled Data'!$C$2)/'02 - Scaled Data'!$C$3 -> 0.91582075 | D20: =('01 - Original Data'!C17-'02 - Scaled Data'!$D$2)/'02 - Scaled Data'!$D$3 -> -0.46198648 | E20: =('01 - Original Data'!D17-'02 - Scaled Data'!$E$2)/'02 - Scaled Data'!$E$3 -> 0.23149891
C21: =('01 - Original Data'!B18-'02 - Scaled Data'!$C$2)/'02 - Scaled Data'!$C$3 -> -0.15766877 | D21: =('01 - Original Data'!C18-'02 - Scaled Data'!$D$2)/'02 - Scaled Data'!$D$3 -> -0.52855513 | E21: =('01 - Original Data'!D18-'02 - Scaled Data'!$E$2)/'02 - Scaled Data'!$E$3 -> 1.0353146
C22: =('01 - Original Data'!B19-'02 - Scaled Data'!$C$2)/'02 - Scaled Data'!$C$3 -> -1.5666238 | D22: =('01 - Original Data'!C19-'02 - Scaled Data'!$D$2)/'02 - Scaled Data'!$D$3 -> -1.4605163 | E22: =('01 - Original Data'!D19-'02 - Scaled Data'!$E$2)/'02 - Scaled Data'!$E$3 -> 0.32795679
C23: =('01 - Original Data'!B20-'02 - Scaled Data'!$C$2)/'02 - Scaled Data'!$C$3 -> -0.29185496 | D23: =('01 - Original Data'!C20-'02 - Scaled Data'!$D$2)/'02 - Scaled Data'!$D$3 -> -0.26228051 | E23: =('01 - Original Data'!D20-'02 - Scaled Data'!$E$2)/'02 - Scaled Data'!$E$3 -> -1.5047429
C24: =('01 - Original Data'!B21-'02 - Scaled Data'!$C$2)/'02 - Scaled Data'!$C$3 -> -1.6337169 | D24: =('01 - Original Data'!C21-'02 - Scaled Data'!$D$2)/'02 - Scaled Data'!$D$3 -> -0.69497677 | E24: =('01 - Original Data'!D21-'02 - Scaled Data'!$E$2)/'02 - Scaled Data'!$E$3 -> -1.5047429
... C105: =('01 - Original Data'!B102-'02 - Scaled Data'!$C$2)/'02 - Scaled Data'!$C$3 -> -0.76150663 | D105: =('01 - Original Data'!C102-'02 - Scaled Data'!$D$2)/'02 - Scaled Data'!$D$3 -> -0.16242752 | E105: =('01 - Original Data'!D102-'02 - Scaled Data'!$E$2)/'02 - Scaled Data'!$E$3 -> -0.5080115

Sheet 03 - New Client
B2: Nuevo Cliente
B3: Age | C3: Annual_Income_k$ | D3: Spending_Score | G3: Paso 3: Cliente de entrada que se va a clasificar.
B4: 35 | C4: 55 | D4: 60 | G4: Esta hoja muestra el cliente nuevo que se va a clasificar.
G5: Incluye edad, ingresos y puntaje de gasto.
G6: Se usa para calcular las distancias a todos los clientes existentes.
G7: Se estandariza usando el mismo escalador que el conjunto de datos.

Sheet 04 - Distances
B2: Calculo Distancias del Nuevo Punto a los demás
C4: Age | D4: Annual_Income_k$ | E4: Spending_Score | G4: Distancia Euclidiana
C5: ='03 - New Client'!B4 -> 35 | D5: ='03 - New Client'!C4 -> 55 | E5: ='03 - New Client'!D4 -> 60 | P5: Ranking de distancias
B6: Distance | C6: =(C5-'02 - Scaled Data'!C2)/'02 - Scaled Data'!C3 -> -0.56022735 | D6: =(D5-'02 - Scaled Data'!D2)/'02 - Scaled Data'!D3 -> -0.42870215 | E6: =(E5-'02 - Scaled Data'!E2)/'02 - Scaled Data'!E3 -> 0.36010942 | F6: z1 - z'1 | G6: z2 - z'2 | H6: z3 - z'3 | I6: Distance | J6: Label | M6: Distance | N6: ID | P6: Distance | Q6: ID | S6: Paso 4: Calcular la distancia al cliente nuevo.
A7: 1 | B7: 1.8571955 | C7: ='02 - Scaled Data'!C6 -> 0.84872766 | D7: ='02 - Scaled Data'!D6 -> -0.12914319 | E7: ='02 - Scaled Data'!E6 -> -0.79738514 | F7: =POWER(C7-C6,2) -> 1.9851542 | G7: =POWER(D7-D6,2) -> 0.089735567 | H7: =POWER(E7-E6,2) -> 1.3397937 | I7: =SQRT(SUM(F7:H7)) -> 1.8478862 | J7: ='01 - Original Data'!$E3 -> Low Value | M7: =I7 -> 1.8478862 | N7: =A7 -> 1 | P7: 0.62261331 | Q7: 90 | S7: Esta hoja muestra la distancia de cada cliente al cliente nuevo.
A8: 2 | B8: 2.5640507 | C8: ='02 - Scaled Data'!C7 -> 1.7209379 | D8: ='02 - Scaled Data'!D7 -> 0.53654337 | E8: ='02 - Scaled Data'!E7 -> 0.97100933 | F8: =POWER(C8-C7,2) -> 0.7607507 | G8: =POWER(D8-D7,2) -> 0.4431386 | H8: =POWER(E8-E7,2) -> 3.127219 | I8: =SQRT(SUM(F8:H8)) -> 2.0811315 | J8: ='01 - Original Data'!$E4 -> Premium | M8: =I8 -> 2.0811315 | N8: =A8 -> 2 | P8: 0.89534591 | Q8: 10 | S8: La distancia se calcula usando la fórmula euclidiana.
A9: 3 | B9: 1.9221343 | C9: ='02 - Scaled Data'!C8 -> 0.1777967 | D9: ='02 - Scaled Data'!D8 -> 1.3353672 | E9: ='02 - Scaled Data'!E8 -> 0.32795679 | F9: =POWER(C9-C8,2) -> 2.3812847 | G9: =POWER(D9-D8,2) -> 0.63811959 | H9: =POWER(E9-E8,2) -> 0.41351656 | I9: =SQRT(SUM(F9:H9)) -> 1.8528143 | J9: ='01 - Original Data'!$E5 -> Standard | M9: =I9 -> 1.8528143 | N9: =A9 -> 3 | P9: 0.90202253 | Q9: 65 | S9: Una distancia menor significa mayor similitud.
A10: 4 | B10: 1.4934597 | C10: ='02 - Scaled Data'!C9 -> -0.76150663 | D10: ='02 - Scaled Data'!D9 -> 0.73624934 | E10: ='02 - Scaled Data'!E9 -> -0.54016413 | F10: =POWER(C10-C9,2) -> 0.88229075 | G10: =POWER(D10-D9,2) -> 0.35894227 | H10: =POWER(E10-E9,2) -> 0.75363393 | I10: =SQRT(SUM(F10:H10)) -> 1.4123976 | J10: ='01 - Original Data'!$E6 -> Low Value | M10: =I10 -> 1.4123976 | N10: =A10 -> 4 | P10: 0.94363939 | Q10: 76 | S10: Estos valores determinarán los vecinos más cercanos.
A11: 5 | B11: 2.2385152 | C11: ='02 - Scaled Data'!C10 -> 1.1171 | D11: ='02 - Scaled Data'!D10 -> -1.327379 | E11: ='02 - Scaled Data'!E10 -> 1.517604 | F11: =POWER(C11-C10,2) -> 3.529163 | G11: =POWER(D11-D10,2) -> 4.258562 | H11: =POWER(E11-E10,2) -> 4.2344096 | I11: =SQRT(SUM(F11:H11)) -> 3.467295 | J11: ='01 - Original Data'!$E7 -> Premium | M11: =I11 -> 3.467295 | N11: =A11 -> 5 | P11: 1.0145081 | Q11: 85
A12: 6 | B12: 2.0734634 | C12: ='02 - Scaled Data'!C11 -> -1.2311583 | D12: ='02 - Scaled Data'!D11 -> 1.3020829 | E12: ='02 - Scaled Data'!E11 -> 1.260383 | F12: =POWER(C12-C11,2) -> 5.5143172 | G12: =POWER(D12-D11,2) -> 6.9140701 | H12: =POWER(E12-E11,2) -> 0.06616265 | I12: =SQRT(SUM(F12:H12)) -> 3.5347631 | J12: ='01 - Original Data'!$E8 -> Premium | M12: =I12 -> 3.5347631 | N12: =A12 -> 6 | P12: 1.0163664 | Q12: 46
A13: 7 | B13: 1.2159662 | C13: ='02 - Scaled Data'!C12 -> -0.35894806 | D13: ='02 - Scaled Data'!D12 -> -1.5936536 | E13: ='02 - Scaled Data'!E12 -> 0.10288841 | F13: =POWER(C13-C12,2) -> 0.7607507 | G13: =POWER(D13-D12,2) -> 8.3852902 | H13: =POWER(E13-E12,2) -> 1.3397937 | I13: =SQRT(SUM(F13:H13)) -> 3.2381838 | J13: ='01 - Original Data'!$E9 -> Standard | M13: =I13 -> 3.2381838 | N13: =A13 -> 7 | P13: 1.0212024 | Q13: 67
A14: 8 | B14: 1.6990315 | C14: ='02 - Scaled Data'!C13 -> 0.84872766 | D14: ='02 - Scaled Data'!D13 -> -1.3606633 | E14: ='02 - Scaled Data'!E13 -> 0.42441467 | F14: =POWER(C14-C13,2) -> 1.4584806 | G14: =POWER(D14-D13,2) -> 0.054284479 | H14: =POWER(E14-E13,2) -> 0.10337914 | I14: =SQRT(SUM(F14:H14)) -> 1.2712766 | J14: ='01 - Original Data'!$E10 -> Standard | M14: =I14 -> 1.2712766 | N14: =A14 -> 8 | P14: 1.1101475 | Q14: 26
A15: 9 | B15: 1.7420102 | C15: ='02 - Scaled Data'!C14 -> -0.49313425 | D15: ='02 - Scaled Data'!D14 -> 1.3020829 | E15: ='02 - Scaled Data'!E14 -> 0.29580417 | F15: =POWER(C15-C14,2) -> 1.8005934 | G15: =POWER(D15-D14,2) -> 7.0902176 | H15: =POWER(E15-E14,2) -> 0.016540662 | I15: =SQRT(SUM(F15:H15)) -> 2.9845187 | J15: ='01 - Original Data'!$E11 -> Standard | M15: =I15 -> 2.9845187 | N15: =A15 -> 9 | P15: 1.1613 | Q15: 63
A16: 10 | B16: 0.9981396 | C16: ='02 - Scaled Data'!C15 -> -0.22476187 | D16: ='02 - Scaled Data'!D15 -> 0.46997471 | E16: ='02 - Scaled Data'!E15 -> 0.10288841 | F16: =POWER(C16-C15,2) -> 0.072023735 | G16: =POWER(D16-D15,2) -> 0.69240407 | H16: =POWER(E16-E15,2) -> 0.037216491 | I16: =SQRT(SUM(F16:H16)) -> 0.89534591 | J16: ='01 - Original Data'!$E12 -> Standard | M16: =I16 -> 0.89534591 | N16: =A16 -> 10 | P16: 1.1800327 | Q16: 100
A17: 11 | B17: 1.8243117 | C17: ='02 - Scaled Data'!C16 -> -1.029879 | D17: ='02 - Scaled Data'!D16 -> -1.2608104 | E17: ='02 - Scaled Data'!E16 -> -1.1832167 | F17: =POWER(C17-C16,2) -> 0.64821362 | G17: =POWER(D17-D16,2) -> 2.995617 | H17: =POWER(E17-E16,2) -> 1.6540662 | I17: =SQRT(SUM(F17:H17)) -> 2.3017161 | J17: ='01 - Original Data'!$E13 -> Low Value | M17: =I17 -> 2.3017161 | N17: =A17 -> 11 | P17: 1.1895713 | Q17: 36
A18: 12 | B18: 1.7173693 | C18: ='02 - Scaled Data'!C17 -> -1.029879 | D18: ='02 - Scaled Data'!D17 -> 1.0690926 | E18: ='02 - Scaled Data'!E17 -> -0.31509574 | F18: =POWER(C18-C17,2) -> 0 | G18: =POWER(D18-D17,2) -> 5.4284479 | H18: =POWER(E18-E17,2) -> 0.75363393 | I18: =SQRT(SUM(F18:H18)) -> 2.4863793 | J18: ='01 - Original Data'!$E14 -> Standard | M18: =I18 -> 2.4863793 | N18: =A18 -> 12 | P18: 1.1981446 | Q18: 95
A19: 13 | B19: 2.1339676 | C19: ='02 - Scaled Data'!C18 -> -0.15766877 | D19: ='02 - Scaled Data'!D18 -> -1.3606633 | E19: ='02 - Scaled Data'!E18 -> -1.5047429 | F19: =POWER(C19-C18,2) -> 0.7607507 | G19: =POWER(D19-D18,2) -> 5.903714 | H19: =POWER(E19-E18,2) -> 1.4152604 | I19: =SQRT(SUM(F19:H19)) -> 2.8424857 | J19: ='01 - Original Data'!$E15 -> Low Value | M19: =I19 -> 2.8424857 | N19: =A19 -> 13 | P19: 1.2070077 | Q19: 14
A20: 14 | B20: 2.2061385 | C20: ='02 - Scaled Data'!C19 -> 0.64744837 | D20: ='02 - Scaled Data'!D19 -> -0.46198648 | E20: ='02 - Scaled Data'!E19 -> -1.4725903 | F20: =POWER(C20-C19,2) -> 0.64821362 | G20: =POWER(D20-D19,2) -> 0.8076201 | H20: =POWER(E20-E19,2) -> 0.0010337914 | I20: =SQRT(SUM(F20:H20)) -> 1.2070077 | J20: ='01 - Original Data'!$E16 -> Low Value | M20: =I20 -> 1.2070077 | N20: =A20 -> 14 | P20: 1.2712766 | Q20: 8
A21: 15 | B21: 1.4894805 | C21: ='02 - Scaled Data'!C20 -> 0.91582075 | D21: ='02 - Scaled Data'!D20 -> -0.46198648 | E21: ='02 - Scaled Data'!E20 -> 0.23149891 | F21: =POWER(C21-C20,2) -> 0.072023735 | G21: =POWER(D21-D20,2) -> 0 | H21: =POWER(E21-E20,2) -> 2.9039201 | I21: =SQRT(SUM(F21:H21)) -> 1.7250924 | J21: ='01 - Original Data'!$E17 -> Standard | M21: =I21 -> 1.7250924 | N21: =A21 -> 15 | P21: 1.3119129 | Q21: 70
A22: 16 | B22: 0.79640989 | C22: ='02 - Scaled Data'!C21 -> -0.15766877 | D22: ='02 - Scaled Data'!D21 -> -0.52855513 | E22: ='02 - Scaled Data'!E21 -> 1.0353146 | F22: =POWER(C22-C21,2) -> 1.1523798 | G22: =POWER(D22-D21,2) -> 0.004431386 | H22: =POWER(E22-E21,2) -> 0.64611963 | I22: =SQRT(SUM(F22:H22)) -> 1.3427326 | J22: ='01 - Original Data'!$E18 -> Premium | M22: =I22 -> 1.3427326 | N22: =A22 -> 16 | P22: 1.3195132 | Q22: 39
... A106: 100 | B106: 0.93476592 | C106: ='02 - Scaled Data'!C105 -> -0.76150663 | D106: ='02 - Scaled Data'!D105 -> -0.16242752 | E106: ='02 - Scaled Data'!E105 -> -0.5080115 | F106: =POWER(C106-C105,2) -> 0.88229075 | G106: =POWER(D106-D105,2) -> 0.054284479 | H106: =POWER(E106-E105,2) -> 0.45590201 | I106: =SQRT(SUM(F106:H106)) -> 1.1800327 | J106: ='01 - Original Data'!$E102 -> Standard | M106: =I106 -> 1.1800327 | N106: =A106 -> 100 | P106: 4.0777953 | Q106: 92

Sheet 05 - Nearest Neighbors
B2: Escojo las top 5 distancias más cercanas para definir la clasificación
B4: Ranking | C4: Client_ID | D4: Age | E4: Annual_Income_k$ | F4: Spending_Score | G4: Class | H4: Distance_to_New | I4: Annual Income | J4: Spending | L4: Paso 5: Seleccionar vecinos para la clasificación.
B5: 1 | C5: ='04 - Distances'!Q7 -> 90 | D5: =VLOOKUP(C5,'01 - Original Data'!$A$3:$D$102,2,FALSE) -> 33 | E5: =VLOOKUP(C5,'01 - Original Data'!$A$3:$D$102,3,FALSE) -> 96 | F5: =VLOOKUP(C5,'01 - Original Data'!$A$3:$D$102,4,FALSE) -> 32 | G5: =VLOOKUP(C5,'01 - Original Data'!$A$3:$E$102,5,FALSE) -> Low Value | H5: =VLOOKUP(C5,'04 - Distances'!$A$7:$I$106,9,FALSE) -> 0.62261331 | I5: =VLOOKUP(C5,'04 - Distances'!A7:E106,4,FALSE) -> 0.93595531 | J5: =VLOOKUP(C5,'04 - Distances'!A7:E106,5,FALSE) -> -0.54016413 | L5: Esta hoja muestra los k=5 vecinos más cercanos.
B6: 2 | C6: ='04 - Distances'!Q8 -> 10 | D6: =VLOOKUP(C6,'01 - Original Data'!$A$3:$D$102,2,FALSE) -> 40 | E6: =VLOOKUP(C6,'01 - Original Data'!$A$3:$D$102,3,FALSE) -> 82 | F6: =VLOOKUP(C6,'01 - Original Data'!$A$3:$D$102,4,FALSE) -> 52 | G6: =VLOOKUP(C6,'01 - Original Data'!$A$3:$E$102,5,FALSE) -> Standard | H6: =VLOOKUP(C6,'04 - Distances'!$A$7:$I$106,9,FALSE) -> 0.89534591 | I6: =VLOOKUP(C6,'04 - Distances'!A8:E107,4,FALSE) -> 0.46997471 | J6: =VLOOKUP(C6,'04 - Distances'!A8:E107,5,FALSE) -> 0.10288841 | L6: Estos son los clientes más similares al cliente nuevo.
B7: 3 | C7: ='04 - Distances'!Q9 -> 65 | D7: =VLOOKUP(C7,'01 - Original Data'!$A$3:$D$102,2,FALSE) -> 34 | E7: =VLOOKUP(C7,'01 - Original Data'!$A$3:$D$102,3,FALSE) -> 51 | F7: =VLOOKUP(C7,'01 - Original Data'!$A$3:$D$102,4,FALSE) -> 33 | G7: =VLOOKUP(C7,'01 - Original Data'!$A$3:$E$102,5,FALSE) -> Standard | H7: =VLOOKUP(C7,'04 - Distances'!$A$7:$I$106,9,FALSE) -> 0.90202253 | I7: =VLOOKUP(C7,'04 - Distances'!A9:E108,4,FALSE) -> -0.56183946 | J7: =VLOOKUP(C7,'04 - Distances'!A9:E108,5,FALSE) -> -0.5080115 | L7: Se usa para predecir o clasificar el cliente nuevo.
B8: 4 | C8: ='04 - Distances'!Q10 -> 76 | D8: =VLOOKUP(C8,'01 - Original Data'!$A$3:$D$102,2,FALSE) -> 43 | E8: =VLOOKUP(C8,'01 - Original Data'!$A$3:$D$102,3,FALSE) -> 47 | F8: =VLOOKUP(C8,'01 - Original Data'!$A$3:$D$102,4,FALSE) -> 31 | G8: =VLOOKUP(C8,'01 - Original Data'!$A$3:$E$102,5,FALSE) -> Low Value | H8: =VLOOKUP(C8,'04 - Distances'!$A$7:$I$106,9,FALSE) -> 0.94363939 | I8: =VLOOKUP(C8,'04 - Distances'!A10:E109,4,FALSE) -> -0.69497677 | J8: =VLOOKUP(C8,'04 - Distances'!A10:E109,5,FALSE) -> -0.57231676 | L8: Seleccionados según la menor distancia euclidiana.
B9: 5 | C9: ='04 - Distances'!Q11 -> 85 | D9: =VLOOKUP(C9,'01 - Original Data'!$A$3:$D$102,2,FALSE) -> 25 | E9: =VLOOKUP(C9,'01 - Original Data'!$A$3:$D$102,3,FALSE) -> 81 | F9: =VLOOKUP(C9,'01 - Original Data'!$A$3:$D$102,4,FALSE) -> 1 | G9: =VLOOKUP(C9,'01 - Original Data'!$A$3:$E$102,5,FALSE) -> Low Value | H9: =VLOOKUP(C9,'04 - Distances'!$A$7:$I$106,9,FALSE) -> 1.0145081 | I9: =VLOOKUP(C9,'04 - Distances'!A11:E110,4,FALSE) -> 0.43669039 | J9: =VLOOKUP(C9,'04 - Distances'!A11:E110,5,FALSE) -> -1.5368956
D10: ='04 - Distances'!C5 -> 35 | E10: ='04 - Distances'!D5 -> 55 | F10: ='04 - Distances'!E5 -> 60 | G10: Low Value | I10: ='04 - Distances'!D6 -> -0.42870215 | J10: ='04 - Distances'!E6 -> 0.36010942 | L10: Voto mayoritario
L11: Low Value | M11: =COUNTIF($G$5:$G$9,L11) -> 3
L12: Standard | M12: =COUNTIF($G$5:$G$9,L12) -> 2
L13: Premium | M13: =COUNTIF($G$5:$G$9,L13) -> 0
